{"cameraMode":{"drawMode":0,"name":"Shaded","section":"Shading Mode"},"sceneLighting":false,"audioPlay":false,"sceneViewState":{"m_AlwaysRefresh":false,"showFog":true,"showSkybox":false,"showFlares":true,"showImageEffects":true,"showParticleSystems":true,"showVisualEffectGraphs":true,"m_FxEnabled":true},"in2DMode":false,"pivot":{"x":-0.2354832887649536,"y":-0.20315170288085938,"z":-0.3526808023452759},"rotation":{"x":0.013592656701803208,"y":-0.9861254692077637,"z":0.12823115289211274,"w":0.1045297160744667},"size":0.7083491683006287,"orthographic":false}