{"cameraMode":{"drawMode":0,"name":"Shaded","section":"Shading Mode"},"sceneLighting":false,"audioPlay":false,"sceneViewState":{"m_AlwaysRefresh":false,"showFog":true,"showSkybox":false,"showFlares":true,"showImageEffects":true,"showParticleSystems":true,"showVisualEffectGraphs":true,"m_FxEnabled":true},"in2DMode":false,"pivot":{"x":0.02028561756014824,"y":-0.009093891829252243,"z":0.07669970393180847},"rotation":{"x":-0.002210800303146243,"y":0.9975740313529968,"z":-0.037736184895038608,"w":-0.058438874781131747},"size":0.19502463936805726,"orthographic":false}