{"cameraMode":{"drawMode":0,"name":"Shaded","section":"Shading Mode"},"sceneLighting":false,"audioPlay":false,"sceneViewState":{"m_AlwaysRefresh":false,"showFog":true,"showSkybox":false,"showFlares":true,"showImageEffects":true,"showParticleSystems":true,"showVisualEffectGraphs":true,"m_FxEnabled":true},"in2DMode":false,"pivot":{"x":-0.22886371612548829,"y":-0.21306467056274415,"z":0.09539228677749634},"rotation":{"x":-0.09549882262945175,"y":0.8502576947212219,"z":-0.16555754840373994,"w":-0.4904439151287079},"size":0.9841932654380798,"orthographic":true}